{
	"parent": "block/block",
    "textures": {
		"particle": "toughasnails:items/campfire",
        "0": "minecraft:blocks/cobblestone",
        "1": "toughasnails:blocks/log_burnt",
        "2": "toughasnails:blocks/log_burnt_top",
        "3": "minecraft:blocks/log_oak",
        "4": "minecraft:blocks/log_oak_top"
    },
    "elements": [
        {
            "name": "Stone",
            "from": [ 4.0, 0.0, 0.0 ], 
            "to": [ 7.0, 3.0, 3.0 ], 
            "faces": {
                "north": { "texture": "#0", "uv": [ 0.0, 0.0, 3.0, 3.0 ] },
                "east": { "texture": "#0", "uv": [ 0.0, 0.0, 3.0, 3.0 ] },
                "south": { "texture": "#0", "uv": [ 0.0, 0.0, 3.0, 3.0 ] },
                "west": { "texture": "#0", "uv": [ 0.0, 0.0, 3.0, 3.0 ] },
                "up": { "texture": "#0", "uv": [ 0.0, 0.0, 3.0, 3.0 ] },
                "down": { "texture": "#0", "uv": [ 0.0, 0.0, 3.0, 3.0 ] }
            }
        },
        {
            "name": "Stone",
            "from": [ 9.0, 0.0, 0.0 ], 
            "to": [ 12.0, 3.0, 3.0 ], 
            "faces": {
                "north": { "texture": "#0", "uv": [ 0.0, 0.0, 3.0, 3.0 ] },
                "east": { "texture": "#0", "uv": [ 0.0, 0.0, 3.0, 3.0 ] },
                "south": { "texture": "#0", "uv": [ 0.0, 0.0, 3.0, 3.0 ] },
                "west": { "texture": "#0", "uv": [ 0.0, 0.0, 3.0, 3.0 ] },
                "up": { "texture": "#0", "uv": [ 0.0, 0.0, 3.0, 3.0 ] },
                "down": { "texture": "#0", "uv": [ 0.0, 0.0, 3.0, 3.0 ] }
            }
        },
        {
            "name": "Stone",
            "from": [ 13.0, 0.0, 4.0 ], 
            "to": [ 16.0, 3.0, 7.0 ], 
            "faces": {
                "north": { "texture": "#0", "uv": [ 0.0, 0.0, 3.0, 3.0 ] },
                "east": { "texture": "#0", "uv": [ 0.0, 0.0, 3.0, 3.0 ] },
                "south": { "texture": "#0", "uv": [ 0.0, 0.0, 3.0, 3.0 ] },
                "west": { "texture": "#0", "uv": [ 0.0, 0.0, 3.0, 3.0 ] },
                "up": { "texture": "#0", "uv": [ 0.0, 0.0, 3.0, 3.0 ] },
                "down": { "texture": "#0", "uv": [ 0.0, 0.0, 3.0, 3.0 ] }
            }
        },
        {
            "name": "Stone",
            "from": [ 13.0, 0.0, 9.0 ], 
            "to": [ 16.0, 3.0, 12.0 ], 
            "faces": {
                "north": { "texture": "#0", "uv": [ 0.0, 0.0, 3.0, 3.0 ] },
                "east": { "texture": "#0", "uv": [ 0.0, 0.0, 3.0, 3.0 ] },
                "south": { "texture": "#0", "uv": [ 0.0, 0.0, 3.0, 3.0 ] },
                "west": { "texture": "#0", "uv": [ 0.0, 0.0, 3.0, 3.0 ] },
                "up": { "texture": "#0", "uv": [ 0.0, 0.0, 3.0, 3.0 ] },
                "down": { "texture": "#0", "uv": [ 0.0, 0.0, 3.0, 3.0 ] }
            }
        },
        {
            "name": "Stone",
            "from": [ 9.0, 0.0, 13.0 ], 
            "to": [ 12.0, 3.0, 16.0 ], 
            "faces": {
                "north": { "texture": "#0", "uv": [ 0.0, 0.0, 3.0, 3.0 ] },
                "east": { "texture": "#0", "uv": [ 0.0, 0.0, 3.0, 3.0 ] },
                "south": { "texture": "#0", "uv": [ 0.0, 0.0, 3.0, 3.0 ] },
                "west": { "texture": "#0", "uv": [ 0.0, 0.0, 3.0, 3.0 ] },
                "up": { "texture": "#0", "uv": [ 0.0, 0.0, 3.0, 3.0 ] },
                "down": { "texture": "#0", "uv": [ 0.0, 0.0, 3.0, 3.0 ] }
            }
        },
        {
            "name": "Stone",
            "from": [ 4.0, 0.0, 13.0 ], 
            "to": [ 7.0, 3.0, 16.0 ], 
            "faces": {
                "north": { "texture": "#0", "uv": [ 0.0, 0.0, 3.0, 3.0 ] },
                "east": { "texture": "#0", "uv": [ 0.0, 0.0, 3.0, 3.0 ] },
                "south": { "texture": "#0", "uv": [ 0.0, 0.0, 3.0, 3.0 ] },
                "west": { "texture": "#0", "uv": [ 0.0, 0.0, 3.0, 3.0 ] },
                "up": { "texture": "#0", "uv": [ 0.0, 0.0, 3.0, 3.0 ] },
                "down": { "texture": "#0", "uv": [ 0.0, 0.0, 3.0, 3.0 ] }
            }
        },
        {
            "name": "Stone",
            "from": [ 0.0, 0.0, 9.0 ], 
            "to": [ 3.0, 3.0, 12.0 ], 
            "faces": {
                "north": { "texture": "#0", "uv": [ 0.0, 0.0, 3.0, 3.0 ] },
                "east": { "texture": "#0", "uv": [ 0.0, 0.0, 3.0, 3.0 ] },
                "south": { "texture": "#0", "uv": [ 0.0, 0.0, 3.0, 3.0 ] },
                "west": { "texture": "#0", "uv": [ 0.0, 0.0, 3.0, 3.0 ] },
                "up": { "texture": "#0", "uv": [ 0.0, 0.0, 3.0, 3.0 ] },
                "down": { "texture": "#0", "uv": [ 0.0, 0.0, 3.0, 3.0 ] }
            }
        },
        {
            "name": "Stone",
            "from": [ 0.0, 0.0, 4.0 ], 
            "to": [ 3.0, 3.0, 7.0 ], 
            "faces": {
                "north": { "texture": "#0", "uv": [ 0.0, 0.0, 3.0, 3.0 ] },
                "east": { "texture": "#0", "uv": [ 0.0, 0.0, 3.0, 3.0 ] },
                "south": { "texture": "#0", "uv": [ 0.0, 0.0, 3.0, 3.0 ] },
                "west": { "texture": "#0", "uv": [ 0.0, 0.0, 3.0, 3.0 ] },
                "up": { "texture": "#0", "uv": [ 0.0, 0.0, 3.0, 3.0 ] },
                "down": { "texture": "#0", "uv": [ 0.0, 0.0, 3.0, 3.0 ] }
            }
        },
		{
            "name": "Stone Small",
            "from": [ 2.0, 0.0, 2.0 ], 
            "to": [ 4.0, 2.0, 4.0 ], 
            "faces": {
                "north": { "texture": "#0", "uv": [ 0.0, 0.0, 2.0, 2.0 ] },
                "east": { "texture": "#0", "uv": [ 0.0, 0.0, 2.0, 2.0 ] },
                "south": { "texture": "#0", "uv": [ 0.0, 0.0, 2.0, 2.0 ] },
                "west": { "texture": "#0", "uv": [ 0.0, 0.0, 2.0, 2.0 ] },
                "up": { "texture": "#0", "uv": [ 0.0, 0.0, 2.0, 2.0 ] },
                "down": { "texture": "#0", "uv": [ 0.0, 0.0, 2.0, 2.0 ] }
            }
        },
        {
            "name": "Stone Small",
            "from": [ 12.0, 0.0, 2.0 ], 
            "to": [ 14.0, 2.0, 4.0 ], 
            "faces": {
                "north": { "texture": "#0", "uv": [ 0.0, 0.0, 2.0, 2.0 ] },
                "east": { "texture": "#0", "uv": [ 0.0, 0.0, 2.0, 2.0 ] },
                "south": { "texture": "#0", "uv": [ 0.0, 0.0, 2.0, 2.0 ] },
                "west": { "texture": "#0", "uv": [ 0.0, 0.0, 2.0, 2.0 ] },
                "up": { "texture": "#0", "uv": [ 0.0, 0.0, 2.0, 2.0 ] },
                "down": { "texture": "#0", "uv": [ 0.0, 0.0, 2.0, 2.0 ] }
            }
        },
        {
            "name": "Stone Small",
            "from": [ 12.0, 0.0, 12.0 ], 
            "to": [ 14.0, 2.0, 14.0 ], 
            "faces": {
                "north": { "texture": "#0", "uv": [ 0.0, 0.0, 2.0, 2.0 ] },
                "east": { "texture": "#0", "uv": [ 0.0, 0.0, 2.0, 2.0 ] },
                "south": { "texture": "#0", "uv": [ 0.0, 0.0, 2.0, 2.0 ] },
                "west": { "texture": "#0", "uv": [ 0.0, 0.0, 2.0, 2.0 ] },
                "up": { "texture": "#0", "uv": [ 0.0, 0.0, 2.0, 2.0 ] },
                "down": { "texture": "#0", "uv": [ 0.0, 0.0, 2.0, 2.0 ] }
            }
        },
        {
            "name": "Stone Small",
            "from": [ 2.0, 0.0, 12.0 ], 
            "to": [ 4.0, 2.0, 14.0 ], 
            "faces": {
                "north": { "texture": "#0", "uv": [ 0.0, 0.0, 2.0, 2.0 ] },
                "east": { "texture": "#0", "uv": [ 0.0, 0.0, 2.0, 2.0 ] },
                "south": { "texture": "#0", "uv": [ 0.0, 0.0, 2.0, 2.0 ] },
                "west": { "texture": "#0", "uv": [ 0.0, 0.0, 2.0, 2.0 ] },
                "up": { "texture": "#0", "uv": [ 0.0, 0.0, 2.0, 2.0 ] },
                "down": { "texture": "#0", "uv": [ 0.0, 0.0, 2.0, 2.0 ] }
            }
        },
        {
            "name": "Log",
            "from": [ 7.0, 0.0, 11.0 ], 
            "to": [ 9.0, 8.0, 13.0 ], 
            "rotation": { "origin": [ 8.0, 4.0, 12.0 ], "axis": "x", "angle": -45.0 },
            "faces": {
                "north": { "texture": "#1", "uv": [ 0.0, 0.0, 2.0, 8.0 ] },
                "east": { "texture": "#1", "uv": [ 0.0, 0.0, 2.0, 8.0 ] },
                "south": { "texture": "#1", "uv": [ 0.0, 0.0, 2.0, 8.0 ] },
                "west": { "texture": "#1", "uv": [ 0.0, 0.0, 2.0, 8.0 ] },
                "up": { "texture": "#2", "uv": [ 7.0, 7.0, 9.0, 9.0 ] },
                "down": { "texture": "#2", "uv": [ 7.0, 7.0, 9.0, 9.0 ] }
            }
        },
        {
            "name": "Log",
            "from": [ 11.0, 0.0, 7.0 ], 
            "to": [ 13.0, 8.0, 9.0 ], 
            "rotation": { "origin": [ 12.0, 4.0, 8.0 ], "axis": "z", "angle": 45.0 },
            "faces": {
                "north": { "texture": "#3", "uv": [ 0.0, 0.0, 2.0, 8.0 ] },
                "east": { "texture": "#3", "uv": [ 0.0, 0.0, 2.0, 8.0 ] },
                "south": { "texture": "#3", "uv": [ 0.0, 0.0, 2.0, 8.0 ] },
                "west": { "texture": "#3", "uv": [ 0.0, 0.0, 2.0, 8.0 ] },
                "up": { "texture": "#4", "uv": [ 7.0, 7.0, 9.0, 9.0 ] },
                "down": { "texture": "#4", "uv": [ 7.0, 7.0, 9.0, 9.0 ] }
            }
        },
        {
            "name": "Log",
            "from": [ 7.0, 0.0, 3.0 ], 
            "to": [ 9.0, 8.0, 5.0 ], 
            "rotation": { "origin": [ 8.0, 4.0, 4.0 ], "axis": "x", "angle": 45.0 },
            "faces": {
                "north": { "texture": "#3", "uv": [ 0.0, 0.0, 2.0, 8.0 ] },
                "east": { "texture": "#3", "uv": [ 0.0, 0.0, 2.0, 8.0 ] },
                "south": { "texture": "#3", "uv": [ 0.0, 0.0, 2.0, 8.0 ] },
                "west": { "texture": "#3", "uv": [ 0.0, 0.0, 2.0, 8.0 ] },
                "up": { "texture": "#4", "uv": [ 7.0, 7.0, 9.0, 9.0 ] },
                "down": { "texture": "#4", "uv": [ 7.0, 7.0, 9.0, 9.0 ] }
            }
        },
        {
            "name": "Log",
            "from": [ 3.0, 0.0, 7.0 ], 
            "to": [ 5.0, 8.0, 9.0 ], 
            "rotation": { "origin": [ 4.0, 4.0, 8.0 ], "axis": "z", "angle": -45.0 },
            "faces": {
                "north": { "texture": "#3", "uv": [ 0.0, 0.0, 2.0, 8.0 ] },
                "east": { "texture": "#3", "uv": [ 0.0, 0.0, 2.0, 8.0 ] },
                "south": { "texture": "#3", "uv": [ 0.0, 0.0, 2.0, 8.0 ] },
                "west": { "texture": "#3", "uv": [ 0.0, 0.0, 2.0, 8.0 ] },
                "up": { "texture": "#4", "uv": [ 7.0, 7.0, 9.0, 9.0 ] },
                "down": { "texture": "#4", "uv": [ 7.0, 7.0, 9.0, 9.0 ] }
            }
        }
    ]
}