{
	"parent": "block/block",
    "ambientocclusion": false,
    "textures": {
        "particle": "toughasnails:blocks/rain_collector_side",
        "top": "toughasnails:blocks/rain_collector_top",
        "bottom": "toughasnails:blocks/rain_collector_bottom",
        "side": "toughasnails:blocks/rain_collector_side",
        "inside": "toughasnails:blocks/rain_collector_inner",
        "water": "toughasnails:blocks/purified_water_still"
    },
    "elements": [
        {   "from": [ 0, 0, 0 ],
            "to": [ 2, 16, 16 ],
            "faces": {
                "down":  { "texture": "#bottom" },
                "up":    { "texture": "#top", "cullface": "up" },
                "north": { "texture": "#side", "cullface": "north" },
                "south": { "texture": "#side", "cullface": "south" },
                "west":  { "texture": "#side", "cullface": "west" },
                "east":  { "texture": "#side" }
            }
        },
        {   "from": [ 2, 0, 2 ],
            "to": [ 14, 4, 14 ],
            "faces": {
                "down":  { "texture": "#bottom" },
                "up":    { "texture": "#inside", "cullface": "up" },
                "north": { "texture": "#side", "cullface": "north" },
                "south": { "texture": "#side", "cullface": "south" },
                "west":  { "texture": "#side", "cullface": "west" },
                "east":  { "texture": "#side", "cullface": "east" }
            }
        },
        {   "from": [ 14, 0, 0 ],
            "to": [ 16, 16, 16 ],
            "faces": {
                "down":  { "texture": "#bottom" },
                "up":    { "texture": "#top", "cullface": "up" },
                "north": { "texture": "#side", "cullface": "north" },
                "south": { "texture": "#side", "cullface": "south" },
                "west":  { "texture": "#side" },
                "east":  { "texture": "#side", "cullface": "east" }
            }
        },
        {   "from": [ 2, 0, 0 ],
            "to": [ 14, 16, 2 ],
            "faces": {
                "down":  { "texture": "#bottom" },
                "up":    { "texture": "#top", "cullface": "up" },
                "north": { "texture": "#side", "cullface": "north" },
                "south": { "texture": "#side" },
                "west":  { "texture": "#side", "cullface": "west" },
                "east":  { "texture": "#side", "cullface": "east" }
            }
        },
        {   "from": [ 2, 0, 14 ],
            "to": [ 14, 16, 16 ],
            "faces": {
                "down":  { "texture": "#bottom" },
                "up":    { "texture": "#top", "cullface": "up" },
                "north": { "texture": "#side" },
                "south": { "texture": "#side", "cullface": "south" },
                "west":  { "texture": "#side", "cullface": "west" },
                "east":  { "texture": "#side", "cullface": "east" }
            }
        },
        {   "from": [ 2, 16, 2 ],
            "to": [ 14, 16, 14 ],
            "faces": {
                "up": { "texture": "#top" }
            }
        },
        {   "from": [ 2, 12, 2 ],
            "to": [ 14, 12, 14 ],
            "faces": {
                "up": { "texture": "#water" }
            }
        }
    ]
}
