{
	"credit": "Made with Blockbench",
	"parent": "minecraft:block/block",
	"ambientocclusion": false,
	"textures": {
		"0": "simpledifficulty:blocks/rain_collector_b",
		"1": "simpledifficulty:blocks/rain_collector_s",
		"2": "simpledifficulty:blocks/rain_collector_t",
		"3": "simpledifficulty:fluids/purifiedwater_still",
		"particle": "simpledifficulty:blocks/rain_collector_b"
	},
	"elements": [
        {
            "name": "bottom",
            "from": [0, 0, 0],
            "to": [16, 1, 16],
            "faces": {
                "up": {"uv": [0, 0, 16, 16], "texture": "#0", "cullface": "up"},
                "down": {"uv": [0, 0, 16, 16], "texture": "#0", "cullface": "down"}
            }
        },
        {
            "name": "west",
            "from": [0, 0, 0],
            "to": [2, 16, 16],
            "faces": {
                "east": {"uv": [0, 0, 16, 16], "texture": "#1", "cullface": "up"},
                "west": {"uv": [0, 0, 16, 16], "texture": "#1", "cullface": "west"}
            }
        },
        {
            "name": "east",
            "from": [14, 0, 0],
            "to": [16, 16, 16],
            "faces": {
                "east": {"uv": [0, 0, 16, 16], "texture": "#1", "cullface": "east"},
                "west": {"uv": [0, 0, 16, 16], "texture": "#1", "cullface": "up"}
            }
        },
        {
            "name": "north",
            "from": [0, 0, 0],
            "to": [16, 16, 2],
            "faces": {
                "north": {"uv": [0, 0, 16, 16], "texture": "#1", "cullface": "north"},
                "south": {"uv": [0, 0, 16, 16], "texture": "#1", "cullface": "up"}
            }
        },
        {
            "name": "south",
            "from": [0, 0, 14],
            "to": [16, 16, 16],
            "faces": {
                "north": {"uv": [0, 0, 16, 16], "texture": "#1", "cullface": "up"},
                "south": {"uv": [0, 0, 16, 16], "texture": "#1", "cullface": "south"}
            }
        },
        {
            "name": "top",
            "from": [0, 15, 0],
            "to": [16, 16, 16],
            "faces": {
                "up": {"uv": [0, 0, 16, 16], "texture": "#2", "cullface": "up"}
            }
        },
		{
			"name": "water",
			"from": [2, 1, 2],
			"to": [14, 6, 14],
			"faces": {
				"up": {"uv": [2, 2, 14, 14], "texture": "#3", "cullface": "up"}
			}
		}
	]
}