{
	"credit": "Made with Blockbench",
	"parent": "minecraft:block/block",
	"textures": {
		"0": "simpledifficulty:blocks/spit_all",
		"particle": "simpledifficulty:blocks/spit_part"
	},
	"elements": [
		{
			"name": "leg1",
			"from": [0, -16, 0],
			"to": [2, 4, 2],
			"rotation": {"angle": 0, "axis": "y", "origin": [8, -8, 8]},
			"faces": {
				"north": {"uv": [0, 0, 1, 10], "texture": "#0"},
				"east": {"uv": [3, 0, 4, 10], "texture": "#0"},
				"south": {"uv": [2, 0, 3, 10], "texture": "#0"},
				"west": {"uv": [1, 0, 2, 10], "texture": "#0"},
				"up": {"uv": [0, 0, 1, 1], "texture": "#0"},
				"down": {"uv": [0, 0, 1, 1], "texture": "#0"}
			}
		},
		{
			"name": "leg2",
			"from": [14, -16, 14],
			"to": [16, 4, 16],
			"rotation": {"angle": 0, "axis": "y", "origin": [22, -8, 22]},
			"faces": {
				"north": {"uv": [2, 0, 3, 10], "texture": "#0"},
				"east": {"uv": [1, 0, 2, 10], "texture": "#0"},
				"south": {"uv": [0, 0, 1, 10], "texture": "#0"},
				"west": {"uv": [3, 0, 4, 10], "texture": "#0"},
				"up": {"uv": [0, 0, 1, 1], "texture": "#0"},
				"down": {"uv": [0, 0, 1, 1], "texture": "#0"}
			}
		},
		{
			"name": "roast",
			"from": [3.75, 1.5, 8.2],
			"to": [23.75, 2.5, 9.2],
			"rotation": {"angle": -45, "axis": "y", "origin": [11.75, 9.5, 1.25]},
			"faces": {
				"north": {"uv": [7.5, 0, 8, 10], "rotation": 270, "texture": "#0"},
				"south": {"uv": [6.5, 0, 7, 10], "rotation": 270, "texture": "#0"},
				"up": {"uv": [6, 0, 6.5, 10], "rotation": 270, "texture": "#0"},
				"down": {"uv": [7, 0, 7.5, 10], "rotation": 90, "texture": "#0"}
			}
		}
	],
	"display": {
        "thirdperson_righthand": {
			"rotation": [70, -45, 0],
			"translation": [0, -2, 3],
			"scale": [0.5, 0.5, 0.5]
		},
		"thirdperson_lefthand": {
			"rotation": [70, 45, 0],
			"translation": [0, -2, 3],
			"scale": [0.5, 0.5, 0.5]
		},
		"firstperson_righthand": {
			"rotation": [0, -40, 0],
			"translation": [3, 3, 0],
			"scale": [0.4, 0.4, 0.4]
		},
		"firstperson_lefthand": {
			"rotation": [0, 45, 0],
			"translation": [3, 3, 0],
			"scale": [0.4, 0.4, 0.4]
		},
		"ground": {
			"translation": [0, 7, 0],
			"scale": [0.3, 0.3, 0.3]
		},
		"gui": {
			"rotation": [20, 17, 0],
			"translation": [0, 8.5, 0],
			"scale": [0.65, 0.65, 0.65]
		},
		"fixed": {
			"rotation": [0, 45, 0],
			"translation": [0, 8.5, -1],
			"scale": [0.6, 0.6, 0.6]
		}
    }
}