[
    {"name": "BUCKET",                  "ingredient": {"item": "minecraft:bucket"}},
    {"name": "CHARCOAL",                "ingredient": {"item": "minecraft:coal", "data": 1}},
    {"name": "GOLDEN_APPLE",            "ingredient": {"item": "minecraft:golden_apple", "data": 0}},
    {"name": "SUGAR",                   "ingredient": {"item": "minecraft:sugar"}},
    
    {"name": "CHARCOAL_FILTER",         "ingredient": {"item": "simpledifficulty:charcoal_filter"}},
    {"name": "ICE_CHUNK",               "ingredient": {"item": "simpledifficulty:ice_chunk"}},
    {"name": "MAGMA_CHUNK",             "ingredient": {"item": "simpledifficulty:magma_chunk"}},
    {"name": "JUICE_APPLE",             "ingredient": {"item": "simpledifficulty:juice", "data": 0}},
    {"name": "JUICE_BEETROOT",          "ingredient": {"item": "simpledifficulty:juice", "data": 1}},
    {"name": "JUICE_CACTUS",            "ingredient": {"item": "simpledifficulty:juice", "data": 2}},
    {"name": "JUICE_CARROT",            "ingredient": {"item": "simpledifficulty:juice", "data": 3}},
    {"name": "JUICE_CHORUS_FRUIT",      "ingredient": {"item": "simpledifficulty:juice", "data": 4}},
    {"name": "JUICE_GOLDEN_APPLE",      "ingredient": {"item": "simpledifficulty:juice", "data": 5}},
    {"name": "JUICE_GOLDEN_CARROT",     "ingredient": {"item": "simpledifficulty:juice", "data": 6}},
    {"name": "JUICE_GOLDEN_MELON",      "ingredient": {"item": "simpledifficulty:juice", "data": 7}},
    {"name": "JUICE_MELON",             "ingredient": {"item": "simpledifficulty:juice", "data": 8}},
    {"name": "JUICE_PUMPKIN",           "ingredient": {"item": "simpledifficulty:juice", "data": 9}},
    {"name": "PURIFIED_WATER_BOTTLE",   "ingredient": {"item": "simpledifficulty:purified_water_bottle"}}
]