{
    "type": "forge:ore_shaped",
    "pattern":
    [
        "RSR",
        "CBC",
        "CCC"
    ],
    "key":
    {
        "S":
        {
            "type": "forge:ore_dict",
            "ore": "string"
        },
        "C":
        {
            "type": "forge:ore_dict",
            "ore": "cobblestone"
        },
        "R":
        {
            "type": "forge:ore_dict",
            "ore": "ingotIron"
        },
        "B":
        {
            "item": "#BUCKET"
        }
    },
    "result":
    {
        "item": "simpledifficulty:rain_collector"
    }
}