{
    "parent": "item/generated",
    "textures": {
        "layer0": "simpledifficulty:items/juice"
    },
	"overrides": [
		{"predicate":{"simpledifficulty:type": 0}, "model": "simpledifficulty:item/juice/juice_apple"},
		{"predicate":{"simpledifficulty:type": 1}, "model": "simpledifficulty:item/juice/juice_beetroot"},
		{"predicate":{"simpledifficulty:type": 2}, "model": "simpledifficulty:item/juice/juice_cactus"},
		{"predicate":{"simpledifficulty:type": 3}, "model": "simpledifficulty:item/juice/juice_carrot"},
		{"predicate":{"simpledifficulty:type": 4}, "model": "simpledifficulty:item/juice/juice_chorus_fruit"},
		{"predicate":{"simpledifficulty:type": 5}, "model": "simpledifficulty:item/juice/juice_golden_apple"},
		{"predicate":{"simpledifficulty:type": 6}, "model": "simpledifficulty:item/juice/juice_golden_carrot"},
		{"predicate":{"simpledifficulty:type": 7}, "model": "simpledifficulty:item/juice/juice_golden_melon"},
		{"predicate":{"simpledifficulty:type": 8}, "model": "simpledifficulty:item/juice/juice_melon"},
		{"predicate":{"simpledifficulty:type": 9}, "model": "simpledifficulty:item/juice/juice_pumpkin"}
	]
}